-- MySQL dump 10.13  Distrib 8.0.28, for Win64 (x86_64)
--
-- Host: 127.0.0.1    Database: distillery_db
-- ------------------------------------------------------
-- Server version	8.0.28

/*!40101 SET @OLD_CHARACTER_SET_CLIENT=@@CHARACTER_SET_CLIENT */;
/*!40101 SET @OLD_CHARACTER_SET_RESULTS=@@CHARACTER_SET_RESULTS */;
/*!40101 SET @OLD_COLLATION_CONNECTION=@@COLLATION_CONNECTION */;
/*!50503 SET NAMES utf8 */;
/*!40103 SET @OLD_TIME_ZONE=@@TIME_ZONE */;
/*!40103 SET TIME_ZONE='+00:00' */;
/*!40014 SET @OLD_UNIQUE_CHECKS=@@UNIQUE_CHECKS, UNIQUE_CHECKS=0 */;
/*!40014 SET @OLD_FOREIGN_KEY_CHECKS=@@FOREIGN_KEY_CHECKS, FOREIGN_KEY_CHECKS=0 */;
/*!40101 SET @OLD_SQL_MODE=@@SQL_MODE, SQL_MODE='NO_AUTO_VALUE_ON_ZERO' */;
/*!40111 SET @OLD_SQL_NOTES=@@SQL_NOTES, SQL_NOTES=0 */;

--
-- Table structure for table `activity_log`
--

DROP TABLE IF EXISTS `activity_log`;
/*!40101 SET @saved_cs_client     = @@character_set_client */;
/*!50503 SET character_set_client = utf8mb4 */;
CREATE TABLE `activity_log` (
  `id` int NOT NULL AUTO_INCREMENT,
  `username` varchar(50) DEFAULT NULL,
  `action` text,
  `timestamp` datetime DEFAULT CURRENT_TIMESTAMP,
  PRIMARY KEY (`id`)
) ENGINE=InnoDB AUTO_INCREMENT=195 DEFAULT CHARSET=utf8mb4 COLLATE=utf8mb4_0900_ai_ci;
/*!40101 SET character_set_client = @saved_cs_client */;

--
-- Dumping data for table `activity_log`
--

LOCK TABLES `activity_log` WRITE;
/*!40000 ALTER TABLE `activity_log` DISABLE KEYS */;
INSERT INTO `activity_log` VALUES (1,'admin','Просмотрел список пользователей','2025-05-02 14:06:15'),(2,'admin','Удалил пользователя 11 (Бухгалтер)','2025-05-02 14:06:44'),(3,'admin','Удалил пользователя qw (Кладовщик)','2025-05-02 14:06:50'),(4,'admin','Добавил пользователя qwqw с ролью Кладовщик','2025-05-02 14:07:00'),(5,'admin','Добавил пользователя zxzx с ролью Кладовщик','2025-05-02 14:07:09'),(6,'admin','Просмотрел список пользователей','2025-05-02 14:07:12'),(7,'admin','Удалил пользователя zxzx (Кладовщик)','2025-05-02 14:07:16'),(8,'admin','Добавил пользователя zx с ролью Бухгалтер','2025-05-02 14:07:22'),(9,'admin','Просмотрел список пользователей','2025-05-02 14:07:25'),(10,'admin','Просмотрел журнал действий','2025-05-02 14:14:34'),(11,'qwqw','Просмотрел склад','2025-05-02 15:04:28'),(12,'qwqw','Создал отчет по складу: Отчет_по_складу_2025-05-02_15-06-12.pdf','2025-05-02 15:06:12'),(13,'qwqw','Создал отчет по складу: Отчет_по_складу_2025-05-02_15-06-18.pdf','2025-05-02 15:06:18'),(14,'qwqw','Проверил штрих-код: результат — Ошибка проверки в ЕГАИС!','2025-05-02 15:06:38'),(15,'qwqw','Принял поставку #20','2025-05-02 15:06:58'),(16,'qwqw','Просмотрел склад','2025-05-02 15:07:09'),(17,'qwqw','Списал 1 шт. товара \'Водка \"Белый медведь\"\' по причине: Повреждение упаковки','2025-05-02 15:14:06'),(18,'qwqw','Списал 2 шт. товара \'Водка \"Белый медведь\"\' по причине: Просроченный срок годности','2025-05-02 15:14:23'),(19,'qwqw','Просмотрел склад','2025-05-02 15:14:41'),(20,'zx','Бухгалтер zx выполнил(а) закупку товаров (покупка ID: 23)','2025-05-02 16:41:45'),(21,'zx','Бухгалтер zx продал(а) товар: Вино \"Красное сухое\" - 2 шт. по 800.0 руб. Итог: 1600.0 руб.','2025-05-02 16:42:25'),(22,'zx','Бухгалтер zx открыл(а) окно финансового отчёта','2025-05-02 16:42:49'),(23,'admin','Просмотрел журнал действий','2025-05-02 16:51:14'),(24,'admin','Просмотрел журнал действий','2025-05-02 16:54:48'),(25,'admin','Просмотрел журнал действий','2025-05-02 17:29:14'),(26,'admin','Просмотрел журнал действий','2025-05-02 17:29:27'),(27,'admin','Просмотрел список пользователей','2025-05-09 14:53:01'),(28,'admin','Просмотрел журнал действий','2025-05-09 14:53:08'),(29,'admin','Просмотрел журнал действий','2025-05-09 14:53:33'),(30,'admin','Просмотрел журнал действий','2025-05-09 14:54:13'),(31,'qwqw','Просмотрел склад','2025-05-09 15:01:26'),(32,'qwqw','Создал отчет по складу: Отчет_по_складу_2025-05-09_15-02-05.pdf','2025-05-09 15:02:05'),(33,'admin','Просмотрел список пользователей','2025-05-09 15:06:48'),(34,'admin','Просмотрел список пользователей','2025-05-09 15:06:48'),(35,'zx','Бухгалтер zx выполнил(а) закупку товаров (покупка ID: 24)','2025-05-09 15:18:37'),(36,'zx','Бухгалтер zx продал(а) товар: Ликёр \"Шоколадный аромат\" - 5 шт. по 1100.0 руб. Итог: 5500.0 руб.','2025-05-09 15:19:33'),(37,'zx','Бухгалтер zx создал финансовый отчёт','2025-05-09 15:19:54'),(38,'qwqw','Просмотрел склад','2025-05-09 15:20:35'),(39,'qwqw','Принял поставку #24','2025-05-09 15:36:07'),(40,'qwqw','Принял поставку #23','2025-05-09 15:36:17'),(41,'qwqw','Принял поставку #19','2025-05-09 15:36:24'),(42,'qwqw','Просмотрел склад','2025-05-09 15:36:34'),(43,'qwqw','Создал отчет по складу: Отчет_по_складу_2025-05-09_15-36-43.pdf','2025-05-09 15:36:43'),(44,'qwqw','Списал 1 шт. товара: Текила \"Эсполон\", причина: Повреждение упаковки','2025-05-09 16:00:29'),(45,'qwqw','Списал товар \'Водка \"Белый медведь\"\' в количестве 1. Причина: Повреждение упаковки','2025-05-09 16:06:30'),(46,'qwqw','Списал товар \'Текила \"Эсполон\"\' в количестве 1. Причина: Повреждение упаковки','2025-05-09 16:07:09'),(47,'qwqw','Просмотрел склад','2025-05-09 16:07:16'),(48,'zx','Бухгалтер zx продал(а) товар: Вино \"Красное сухое\" - 7 шт. по 750.0 руб. Итог: 5250.0 руб.','2025-05-09 16:07:54'),(49,'qwqw','Просмотрел склад','2025-05-09 16:08:00'),(50,'zx','Бухгалтер zx продал(а) товар: Текила \"Эсполон\" - 8 шт. по 1400.0 руб. Итог: 11200.0 руб.','2025-05-09 16:26:39'),(51,'qwqw','Списал товар \'Водка \"Белый медведь\"\' в количестве 1. Причина: Нарушение условий хранения','2025-05-09 16:27:01'),(52,'qwqw','Просмотрел склад','2025-05-09 16:27:03'),(53,'zx','Бухгалтер zx продал(а) товар: Текила \"Эсполон\" - 12 шт. по 1400.0 руб. Итог: 16800.0 руб.','2025-05-09 16:27:17'),(54,'admin','Просмотрел список пользователей','2025-05-09 16:27:40'),(55,'admin','Просмотрел список пользователей','2025-05-09 16:27:40'),(56,'admin','Просмотрел журнал действий','2025-05-09 16:27:43'),(57,'qwqw','Принял поставку #18','2025-05-09 20:05:01'),(58,'admin','Просмотрел список пользователей','2025-05-09 20:14:03'),(59,'admin','Просмотрел список пользователей','2025-05-09 20:14:03'),(60,'admin','Добавил пользователя 12 с ролью Кладовщик','2025-05-09 20:14:13'),(61,'admin','Просмотрел список пользователей','2025-05-09 20:14:14'),(62,'admin','Просмотрел список пользователей','2025-05-09 20:14:14'),(63,'admin','Удалил пользователя 12 (Кладовщик)','2025-05-09 20:14:20'),(64,'admin','Просмотрел список пользователей','2025-05-09 20:14:21'),(65,'admin','Просмотрел список пользователей','2025-05-09 20:14:21'),(66,'admin','Просмотрел журнал действий','2025-05-09 20:14:24'),(67,'admin','Добавил пользователя 2 с ролью Бухгалтер','2025-05-09 20:14:42'),(68,'admin','Просмотрел список пользователей','2025-05-09 20:14:43'),(69,'admin','Просмотрел список пользователей','2025-05-09 20:14:43'),(70,'admin','Просмотрел журнал действий','2025-05-09 20:14:47'),(71,'zx','Бухгалтер zx выполнил(а) закупку товаров (покупка ID: 25)','2025-05-09 20:15:30'),(72,'zx','Бухгалтер zx продал(а) товар: Текила \"Эсполон\" - 4 шт. по 1400.0 руб. Итог: 5600.0 руб.','2025-05-09 20:15:39'),(73,'zx','Бухгалтер zx создал финансовый отчёт','2025-05-09 20:15:46'),(74,'qwqw','Просмотрел склад','2025-05-09 20:15:54'),(75,'qwqw','Принял поставку #25','2025-05-09 20:16:01'),(76,'qwqw','Создал отчет по складу: Отчет_по_складу_2025-05-09_20-16-11.pdf','2025-05-09 20:16:11'),(77,'qwqw','Просмотрел склад','2025-05-09 20:16:13'),(78,'qwqw','Списал товар \'Шампанское \"Кристалл\"\' в количестве 1. Причина: Повреждение упаковки','2025-05-09 20:16:31'),(79,'admin','Просмотрел список пользователей','2025-05-14 21:45:23'),(80,'admin','Добавил пользователя qwqwqw с ролью Кладовщик','2025-05-14 21:46:09'),(81,'admin','Удалил пользователя qwqwqw (Кладовщик)','2025-05-14 21:46:17'),(82,'admin','Добавил пользователя qwqwqw с ролью Бухгалтер','2025-05-14 21:46:25'),(83,'admin','Просмотрел журнал действий','2025-05-14 21:46:27'),(84,'qwqwqw','Бухгалтер qwqwqw выполнил(а) закупку товаров (покупка ID: 26)','2025-05-14 21:46:49'),(85,'qwqwqw','Бухгалтер qwqwqw продал(а) товар: Текила \"Эсполон\" - 1 шт. по 1400.0 руб. Итог: 1400.0 руб.','2025-05-14 21:47:03'),(86,'qwqwqw','Бухгалтер qwqwqw создал финансовый отчёт','2025-05-14 21:47:11'),(87,'qwqwqw','Бухгалтер qwqwqw создал финансовый отчёт','2025-05-14 21:55:51'),(88,'admin','Просмотрел список пользователей','2025-05-14 21:58:07'),(89,'admin','Добавил пользователя zxzxzx с ролью Кладовщик','2025-05-14 21:58:29'),(90,'zxzxzx','Принял поставку #26','2025-05-14 21:58:47'),(91,'zxzxzx','Принял поставку #9','2025-05-14 21:58:56'),(92,'zxzxzx','Списал товар \'Джин \"Bombay Sapphire\"\' в количестве 1. Причина: Нарушение условий хранения','2025-05-14 21:59:16'),(93,'zxzxzx','Просмотрел склад','2025-05-14 21:59:20'),(94,'zxzxzx','Просмотрел склад','2025-05-14 22:01:20'),(95,'zxzxzx','Списал товар \'Коньяк \"Золотая выдержка\"\' в количестве 1. Причина: Повреждение упаковки','2025-05-14 22:01:29'),(96,'zxzxzx','Просмотрел склад','2025-05-14 22:01:30'),(97,'zxzxzx','Создал отчет по складу: Отчет_по_складу_2025-05-14_22-01-36.pdf','2025-05-14 22:01:36'),(98,'zxzxzx','Создал отчет по складу: Отчет_по_складу_2025-05-14_22-09-13.pdf','2025-05-14 22:09:13'),(99,'qwqwqw','Бухгалтер qwqwqw выполнил(а) закупку товаров (покупка ID: 27)','2025-05-15 00:49:32'),(100,'zxzxzx','Принял поставку #27','2025-05-15 02:13:34'),(101,'qwqwqw','Бухгалтер qwqwqw выполнил(а) закупку товаров (покупка ID: 28)','2025-05-15 02:14:39'),(102,'zxzxzx','Принял поставку #28','2025-05-15 02:14:56'),(103,'zxzxzx','Просмотрел склад','2025-05-15 02:16:01'),(104,'qwqwqw','Бухгалтер qwqwqw выполнил(а) закупку товаров (покупка ID: 29)','2025-05-15 11:59:28'),(105,'zxzxzx','Принял поставку #29','2025-05-15 11:59:39'),(106,'zxzxzx','Списал товар \'Водка \"Белый медведь\"\' (штрихкод: 29-6-99) по причине: Повреждение упаковки','2025-05-15 12:35:53'),(107,'zxzxzx','Просмотрел склад','2025-05-15 12:35:57'),(108,'qwqwqw','Бухгалтер qwqwqw продал(а) товар: Водка \"Белый медведь\" - 5 шт. по 450.0 руб. Итог: 2250.0 руб.','2025-05-15 17:40:16'),(109,'qwqwqw','Бухгалтер qwqwqw продал(а) товар \'Водка \"Белый медведь\"\' - 80 шт. по 450.0 руб. Итог: 36000.0 руб. Списанные штрихкоды: 28-6-1, 29-6-1, 29-6-2, 29-6-3, 29-6-4, 29-6-5, 29-6-6, 29-6-7, 29-6-8, 29-6-9, 29-6-10, 29-6-11, 29-6-12, 29-6-13, 29-6-14, 29-6-15, 29-6-16, 29-6-17, 29-6-18, 29-6-19, 29-6-20, 29-6-21, 29-6-22, 29-6-23, 29-6-24, 29-6-25, 29-6-26, 29-6-27, 29-6-28, 29-6-29, 29-6-30, 29-6-31, 29-6-32, 29-6-33, 29-6-34, 29-6-35, 29-6-36, 29-6-37, 29-6-38, 29-6-39, 29-6-40, 29-6-41, 29-6-42, 29-6-43, 29-6-44, 29-6-45, 29-6-46, 29-6-47, 29-6-48, 29-6-49, 29-6-50, 29-6-51, 29-6-52, 29-6-53, 29-6-54, 29-6-55, 29-6-56, 29-6-57, 29-6-58, 29-6-59, 29-6-60, 29-6-61, 29-6-62, 29-6-63, 29-6-64, 29-6-65, 29-6-66, 29-6-67, 29-6-68, 29-6-69, 29-6-70, 29-6-71, 29-6-72, 29-6-73, 29-6-74, 29-6-75, 29-6-76, 29-6-77, 29-6-78, 29-6-79','2025-05-15 18:10:12'),(110,'qwqwqw','Бухгалтер qwqwqw продал(а) товар: Водка \"Белый медведь\" - 10 шт. по 450.0 руб. Итог: 4500.0 руб.','2025-05-15 19:10:13'),(111,'zxzxzx','Проверил штрих-код: результат — Продукция легальна!','2025-05-15 19:10:54'),(112,'zxzxzx','Проверил штрих-код: результат — Продукция легальна!','2025-05-16 17:36:25'),(113,'zxzxzx','Проверил штрих-код: результат — Продукция легальна!','2025-05-16 17:36:26'),(114,'zxzxzx','Проверил штрих-код: результат — Ошибка проверки в ЕГАИС!','2025-05-16 17:36:26'),(115,'zxzxzx','Проверил штрих-код: результат — Продукция легальна!','2025-05-16 17:36:27'),(116,'zxzxzx','Проверил штрих-код: результат — Продукция легальна!','2025-05-16 17:36:27'),(117,'zxzxzx','Проверил штрих-код: результат — Ошибка проверки в ЕГАИС!','2025-05-16 17:36:27'),(118,'zxzxzx','Проверил штрих-код: результат — Ошибка проверки в ЕГАИС!','2025-05-16 17:36:27'),(119,'qwqwqw','Бухгалтер qwqwqw создал финансовый отчёт','2025-05-16 17:40:06'),(120,'qwqwqw','Бухгалтер qwqwqw продал(а) товар: Водка \"Белый медведь\" - 2 шт. по 450.0 руб. Итог: 900.0 руб.','2025-05-16 17:41:22'),(121,'qwqwqw','Бухгалтер qwqwqw выполнил(а) закупку товаров (покупка ID: 30)','2025-05-16 17:41:47'),(122,'zxzxzx','Принял поставку #30','2025-05-16 17:42:00'),(123,'zxzxzx','Просмотрел склад','2025-05-16 17:42:05'),(124,'zxzxzx','Списал товар \'Коньяк \"Золотая выдержка\"\' (штрихкод: 30-7-5) по причине: Неудовлетворительное качество продукта','2025-05-16 17:42:51'),(125,'zxzxzx','Просмотрел склад','2025-05-16 17:43:06'),(126,'zxzxzx','Проверил штрих-код 29-6-96: продукция легальна','2025-05-16 17:53:38'),(127,'zxzxzx','Проверил штрих-код 29-6-97: продукция легальна','2025-05-16 17:53:55'),(128,'zxzxzx','Проверил штрих-код 29-5-3: не найден','2025-05-16 17:54:02'),(129,'zxzxzx','Просмотрел склад','2025-05-16 17:58:41'),(130,'admin','Просмотрел список пользователей','2025-05-16 17:58:55'),(131,'admin','Просмотрел журнал действий','2025-05-16 17:58:58'),(132,'qwqwqw','Бухгалтер qwqwqw продал(а) товар: Коньяк \"Золотая выдержка\" - 1 шт. по 1200.0 руб. Итог: 1200.0 руб.','2025-05-16 18:02:32'),(133,'qwqwqw','Бухгалтер qwqwqw продал(а) товар: Коньяк \"Золотая выдержка\" - 1 шт. по 1200.0 руб. Итог: 1200.0 руб.','2025-05-16 18:12:36'),(134,'qwqwqw','Бухгалтер qwqwqw продал(а) товар: Коньяк \"Золотая выдержка\" - 1 шт. по 1200.0 руб. Итог: 1200.0 руб.','2025-05-16 18:16:30'),(135,'zxzxzx','Создал отчет по складу: Отчет_по_складу_2025-05-16_18-40-54.pdf','2025-05-16 18:40:54'),(136,'qwqwqw','Бухгалтер qwqwqw создал финансовый отчёт','2025-05-16 18:46:29'),(137,'zxzxzx','Проверил штрих-код 28-06-99: не найден','2025-05-16 19:33:47'),(138,'zxzxzx','Проверил штрих-код 29-6-98: продукция легальна','2025-05-16 19:34:32'),(139,'admin','Просмотрел список пользователей','2025-05-17 17:54:45'),(140,'admin','Просмотрел журнал действий','2025-05-17 17:54:48'),(141,'admin','Удалил пользователя qwqw (Кладовщик)','2025-05-17 18:06:38'),(142,'admin','Удалил пользователя zx (Бухгалтер)','2025-05-17 18:06:42'),(143,'admin','Удалил пользователя 2 (Бухгалтер)','2025-05-17 18:06:49'),(144,'admin','Удалил пользователя qwqwqw (Бухгалтер)','2025-05-17 18:06:53'),(145,'admin','Удалил пользователя zxzxzx (Кладовщик)','2025-05-17 18:06:56'),(146,'admin','Добавил пользователя Иванов с ролью Кладовщик','2025-05-17 18:07:07'),(147,'admin','Добавил пользователя Петров с ролью Бухгалтер','2025-05-17 18:07:16'),(148,'admin','Добавил пользователя Сидоров с ролью Бухгалтер','2025-05-17 18:07:26'),(149,'admin','Просмотрел список пользователей','2025-05-17 18:08:30'),(150,'admin','Просмотрел список пользователей','2025-05-17 18:10:05'),(151,'admin','Просмотрел журнал действий','2025-05-17 18:11:00'),(152,'admin','Просмотрел список пользователей','2025-05-17 18:18:21'),(153,'Петров','Бухгалтер Петров выполнил(а) закупку товаров (покупка ID: 31)','2025-05-17 18:28:43'),(154,'Петров','Бухгалтер Петров продал(а) товар: Ликёр \"Шоколадный аромат\" - 5 шт. по 900.0 руб. Итог: 4500.0 руб.','2025-05-17 18:34:24'),(155,'Иванов','Просмотрел склад','2025-05-17 18:45:52'),(156,'Иванов','Принял поставку #31','2025-05-17 18:53:05'),(157,'Иванов','Принял поставку #31','2025-05-17 18:53:12'),(158,'Иванов','Создал отчет по складу: Отчет_по_складу_2025-05-17_18-56-20.pdf','2025-05-17 18:56:20'),(159,'Иванов','Проверил штрих-код 31-14-2: продукция легальна','2025-05-17 19:02:31'),(160,'admin','Добавил пользователя f с ролью Кладовщик','2025-05-18 12:59:02'),(161,'admin','Просмотрел список пользователей','2025-05-18 12:59:03'),(162,'admin','Просмотрел список пользователей','2025-05-19 02:20:55'),(163,'admin','Удалил пользователя f (Кладовщик)','2025-05-19 02:21:07'),(164,'admin','Просмотрел список пользователей','2025-05-19 02:21:09'),(165,'admin','Добавил пользователя sa с ролью Кладовщик','2025-05-19 19:55:27'),(166,'admin','Добавил пользователя as с ролью Бухгалтер','2025-05-19 19:55:32'),(167,'as','Бухгалтер as создал финансовый отчёт','2025-05-19 20:38:01'),(168,'as','Бухгалтер as выполнил(а) закупку товаров (покупка ID: 32)','2025-05-19 20:38:32'),(169,'as','Бухгалтер as продал(а) товар: Текила \"Эсполон\" - 2 шт. по 1400.0 руб. Итог: 2800.0 руб.','2025-05-19 20:38:39'),(170,'as','Бухгалтер as продал(а) товар: Коньяк \"Золотая выдержка\" - 1 шт. по 1200.0 руб. Итог: 1200.0 руб.','2025-05-19 20:40:22'),(171,'as','Бухгалтер as продал(а) товар: Водка \"Белый медведь\" - 2 шт. по 450.0 руб. Итог: 900.0 руб.','2025-05-19 20:43:25'),(172,'sa','Просмотрел склад','2025-05-19 20:47:48'),(173,'sa','Принял поставку #32','2025-05-19 20:47:54'),(174,'sa','Списал товар \'Коньяк \"Золотая выдержка\"\' (штрихкод: 32-7-4) по причине: Повреждение упаковки','2025-05-19 20:48:23'),(175,'sa','Списал товар \'Коньяк \"Золотая выдержка\"\' (штрихкод: 32-7-3) по причине: Повреждение упаковки','2025-05-19 20:50:41'),(176,'sa','Проверил штрих-код \'32-7-4\': не найден','2025-05-19 20:50:47'),(177,'sa','Проверил штрих-код 32-7-3: не найден','2025-05-19 20:50:55'),(178,'sa','Проверил штрих-код 32-7-2: продукция легальна','2025-05-19 20:50:58'),(179,'sa','Создал отчет по складу: Отчет_по_складу_2025-05-19_20-51-02.pdf','2025-05-19 20:51:02'),(180,'admin','Просмотрел журнал действий','2025-05-19 20:51:30'),(181,'admin','Просмотрел журнал действий','2025-05-19 21:04:55'),(182,'sa','Просмотрел склад','2025-05-19 21:09:56'),(183,'as','Бухгалтер as выполнил(а) закупку товаров (покупка ID: 33)','2025-05-19 21:33:05'),(184,'sa','Принял поставку #33','2025-05-19 21:33:14'),(185,'sa','Просмотрел склад','2025-05-19 21:34:03'),(186,'sa','Просмотрел склад с фильтрацией','2025-05-19 21:46:45'),(187,'admin','Просмотрел список пользователей','2025-05-19 21:48:53'),(188,'admin','Просмотрел журнал действий','2025-05-19 21:48:59'),(189,'sa','Просмотрел склад с фильтрацией','2025-05-19 21:50:55'),(190,'sa','Просмотрел склад с фильтрацией','2025-05-19 21:53:44'),(191,'as','Бухгалтер as выполнил(а) закупку товаров (покупка ID: 34)','2025-05-19 21:58:34'),(192,'sa','Принял поставку #34','2025-05-19 21:58:44'),(193,'sa','Просмотрел склад с фильтрацией','2025-05-19 22:01:09'),(194,'as','Бухгалтер as создал финансовый отчёт','2025-05-19 22:39:08');
/*!40000 ALTER TABLE `activity_log` ENABLE KEYS */;
UNLOCK TABLES;

--
-- Table structure for table `barcodes`
--

DROP TABLE IF EXISTS `barcodes`;
/*!40101 SET @saved_cs_client     = @@character_set_client */;
/*!50503 SET character_set_client = utf8mb4 */;
CREATE TABLE `barcodes` (
  `id` int NOT NULL AUTO_INCREMENT,
  `product_id` int DEFAULT NULL,
  `bottle_id` int DEFAULT NULL,
  `batch_id` int DEFAULT NULL,
  `barcode` varchar(50) DEFAULT NULL,
  `created_at` datetime DEFAULT CURRENT_TIMESTAMP,
  PRIMARY KEY (`id`),
  UNIQUE KEY `barcode` (`barcode`),
  KEY `product_id` (`product_id`),
  KEY `batch_id` (`batch_id`),
  CONSTRAINT `barcodes_ibfk_1` FOREIGN KEY (`product_id`) REFERENCES `products` (`id`),
  CONSTRAINT `barcodes_ibfk_2` FOREIGN KEY (`batch_id`) REFERENCES `purchases` (`id`)
) ENGINE=InnoDB AUTO_INCREMENT=167 DEFAULT CHARSET=utf8mb4 COLLATE=utf8mb4_0900_ai_ci;
/*!40101 SET character_set_client = @saved_cs_client */;

--
-- Dumping data for table `barcodes`
--

LOCK TABLES `barcodes` WRITE;
/*!40000 ALTER TABLE `barcodes` DISABLE KEYS */;
INSERT INTO `barcodes` VALUES (1,12,1,27,'27-12-1','2025-05-15 02:13:34'),(7,10,6,27,'27-10-6','2025-05-15 02:13:34'),(8,10,7,27,'27-10-7','2025-05-15 02:13:34'),(9,10,8,27,'27-10-8','2025-05-15 02:13:34'),(10,10,9,27,'27-10-9','2025-05-15 02:13:34'),(11,10,10,27,'27-10-10','2025-05-15 02:13:34'),(12,10,11,27,'27-10-11','2025-05-15 02:13:34'),(13,10,12,27,'27-10-12','2025-05-15 02:13:34'),(15,11,1,28,'28-11-1','2025-05-15 02:14:56'),(16,15,1,28,'28-15-1','2025-05-15 02:14:56'),(17,15,2,28,'28-15-2','2025-05-15 02:14:56'),(111,6,94,29,'29-6-94','2025-05-15 11:59:39'),(112,6,95,29,'29-6-95','2025-05-15 11:59:39'),(113,6,96,29,'29-6-96','2025-05-15 11:59:39'),(114,6,97,29,'29-6-97','2025-05-15 11:59:39'),(115,6,98,29,'29-6-98','2025-05-15 11:59:39'),(117,6,100,29,'29-6-100','2025-05-15 11:59:39'),(123,9,1,31,'31-9-1','2025-05-17 18:53:05'),(127,6,1,32,'32-6-1','2025-05-19 20:47:54'),(128,6,2,32,'32-6-2','2025-05-19 20:47:54'),(129,6,3,32,'32-6-3','2025-05-19 20:47:54'),(130,7,1,32,'32-7-1','2025-05-19 20:47:54'),(131,7,2,32,'32-7-2','2025-05-19 20:47:54'),(134,6,1,33,'33-6-1','2025-05-19 21:33:14'),(135,15,1,33,'33-15-1','2025-05-19 21:33:14'),(136,15,2,33,'33-15-2','2025-05-19 21:33:14'),(137,15,1,34,'34-15-1','2025-05-19 21:58:44'),(138,15,2,34,'34-15-2','2025-05-19 21:58:44'),(139,15,3,34,'34-15-3','2025-05-19 21:58:44'),(140,15,4,34,'34-15-4','2025-05-19 21:58:44'),(141,15,5,34,'34-15-5','2025-05-19 21:58:44'),(142,15,6,34,'34-15-6','2025-05-19 21:58:44'),(143,15,7,34,'34-15-7','2025-05-19 21:58:44'),(144,15,8,34,'34-15-8','2025-05-19 21:58:44'),(145,15,9,34,'34-15-9','2025-05-19 21:58:44'),(146,15,10,34,'34-15-10','2025-05-19 21:58:44'),(147,14,1,34,'34-14-1','2025-05-19 21:58:44'),(148,14,2,34,'34-14-2','2025-05-19 21:58:44'),(149,14,3,34,'34-14-3','2025-05-19 21:58:44'),(150,14,4,34,'34-14-4','2025-05-19 21:58:44'),(151,14,5,34,'34-14-5','2025-05-19 21:58:44'),(152,14,6,34,'34-14-6','2025-05-19 21:58:44'),(153,14,7,34,'34-14-7','2025-05-19 21:58:44'),(154,14,8,34,'34-14-8','2025-05-19 21:58:44'),(155,14,9,34,'34-14-9','2025-05-19 21:58:44'),(156,14,10,34,'34-14-10','2025-05-19 21:58:44'),(157,6,1,34,'34-6-1','2025-05-19 21:58:44'),(158,6,2,34,'34-6-2','2025-05-19 21:58:44'),(159,6,3,34,'34-6-3','2025-05-19 21:58:44'),(160,6,4,34,'34-6-4','2025-05-19 21:58:44'),(161,6,5,34,'34-6-5','2025-05-19 21:58:44'),(162,6,6,34,'34-6-6','2025-05-19 21:58:44'),(163,6,7,34,'34-6-7','2025-05-19 21:58:44'),(164,6,8,34,'34-6-8','2025-05-19 21:58:44'),(165,6,9,34,'34-6-9','2025-05-19 21:58:44'),(166,6,10,34,'34-6-10','2025-05-19 21:58:44');
/*!40000 ALTER TABLE `barcodes` ENABLE KEYS */;
UNLOCK TABLES;

--
-- Table structure for table `products`
--

DROP TABLE IF EXISTS `products`;
/*!40101 SET @saved_cs_client     = @@character_set_client */;
/*!50503 SET character_set_client = utf8mb4 */;
CREATE TABLE `products` (
  `id` int NOT NULL AUTO_INCREMENT,
  `name` varchar(255) NOT NULL,
  `price` decimal(10,2) NOT NULL,
  `volume` float NOT NULL,
  `strength` float NOT NULL,
  PRIMARY KEY (`id`)
) ENGINE=InnoDB AUTO_INCREMENT=16 DEFAULT CHARSET=utf8mb4 COLLATE=utf8mb4_0900_ai_ci;
/*!40101 SET character_set_client = @saved_cs_client */;

--
-- Dumping data for table `products`
--

LOCK TABLES `products` WRITE;
/*!40000 ALTER TABLE `products` DISABLE KEYS */;
INSERT INTO `products` VALUES (1,'Водка \"Белый медведь\"',450.00,0,0),(2,'Коньяк \"Золотая выдержка\"',1200.00,0,0),(3,'Вино \"Красное сухое\"',750.00,0,0),(4,'Пиво \"Хмельное настроение\"',150.00,0,0),(5,'Ликёр \"Шоколадный аромат\"',900.00,0,0),(6,'Водка \"Белый медведь\"',450.00,0.5,40),(7,'Коньяк \"Золотая выдержка\"',1200.00,0.7,40),(8,'Вино \"Красное сухое\"',750.00,0.75,13),(9,'Пиво \"Хмельное настроение\"',150.00,0.5,5),(10,'Ликёр \"Шоколадный аромат\"',900.00,0.7,20),(11,'Виски \"Талискер\"',2500.00,0.7,45),(12,'Ром \"Карибский бриз\"',800.00,0.7,37.5),(13,'Шампанское \"Кристалл\"',3500.00,0.75,12),(14,'Текила \"Эсполон\"',1400.00,0.7,38),(15,'Джин \"Bombay Sapphire\"',1600.00,0.7,47);
/*!40000 ALTER TABLE `products` ENABLE KEYS */;
UNLOCK TABLES;

--
-- Table structure for table `purchases`
--

DROP TABLE IF EXISTS `purchases`;
/*!40101 SET @saved_cs_client     = @@character_set_client */;
/*!50503 SET character_set_client = utf8mb4 */;
CREATE TABLE `purchases` (
  `id` int NOT NULL AUTO_INCREMENT,
  `purchase_date` datetime DEFAULT NULL,
  PRIMARY KEY (`id`)
) ENGINE=InnoDB AUTO_INCREMENT=35 DEFAULT CHARSET=utf8mb4 COLLATE=utf8mb4_0900_ai_ci;
/*!40101 SET character_set_client = @saved_cs_client */;

--
-- Dumping data for table `purchases`
--

LOCK TABLES `purchases` WRITE;
/*!40000 ALTER TABLE `purchases` DISABLE KEYS */;
INSERT INTO `purchases` VALUES (1,'2025-03-24 16:31:35'),(2,'2025-03-24 17:06:02'),(3,'2025-03-24 17:39:24'),(4,'2025-03-24 19:10:15'),(5,'2025-03-25 00:19:00'),(6,'2025-03-25 00:20:22'),(7,'2025-03-25 00:21:51'),(8,'2025-03-25 00:24:17'),(9,'2025-03-25 00:35:04'),(10,'2025-03-25 00:49:53'),(11,'2025-03-25 00:52:42'),(12,'2025-03-25 00:53:36'),(13,'2025-03-25 13:15:39'),(14,'2025-03-25 13:18:35'),(15,'2025-03-25 13:19:13'),(16,'2025-03-30 22:00:27'),(17,'2025-04-24 15:30:53'),(18,'2025-05-01 21:22:21'),(19,'2025-05-01 21:22:33'),(20,'2025-05-01 21:22:40'),(21,'2025-05-01 21:22:46'),(22,'2025-05-02 13:30:00'),(23,'2025-05-02 16:41:45'),(24,'2025-05-09 15:18:37'),(25,'2025-05-09 20:15:30'),(26,'2025-05-14 21:46:49'),(27,'2025-05-15 00:49:32'),(28,'2025-05-15 02:14:39'),(29,'2025-05-15 11:59:28'),(30,'2025-05-16 17:41:47'),(31,'2025-05-17 18:28:43'),(32,'2025-05-19 20:38:29'),(33,'2025-05-19 21:33:03'),(34,'2025-05-19 21:58:32');
/*!40000 ALTER TABLE `purchases` ENABLE KEYS */;
UNLOCK TABLES;

--
-- Table structure for table `stock`
--

DROP TABLE IF EXISTS `stock`;
/*!40101 SET @saved_cs_client     = @@character_set_client */;
/*!50503 SET character_set_client = utf8mb4 */;
CREATE TABLE `stock` (
  `id` int NOT NULL AUTO_INCREMENT,
  `name` varchar(100) NOT NULL DEFAULT '1',
  `volume` float NOT NULL DEFAULT '1',
  `strength` float NOT NULL DEFAULT '1',
  `quantity` int NOT NULL,
  `price` decimal(10,2) NOT NULL DEFAULT '1.00',
  `product_id` int NOT NULL,
  `purchases_id` int NOT NULL DEFAULT '1',
  PRIMARY KEY (`id`),
  KEY `fk_product` (`product_id`),
  KEY `fk_purchase` (`purchases_id`),
  CONSTRAINT `fk_product` FOREIGN KEY (`product_id`) REFERENCES `products` (`id`),
  CONSTRAINT `fk_product_id` FOREIGN KEY (`product_id`) REFERENCES `products` (`id`) ON DELETE CASCADE,
  CONSTRAINT `fk_purchase` FOREIGN KEY (`purchases_id`) REFERENCES `purchases` (`id`)
) ENGINE=InnoDB AUTO_INCREMENT=61 DEFAULT CHARSET=utf8mb4 COLLATE=utf8mb4_0900_ai_ci;
/*!40101 SET character_set_client = @saved_cs_client */;

--
-- Dumping data for table `stock`
--

LOCK TABLES `stock` WRITE;
/*!40000 ALTER TABLE `stock` DISABLE KEYS */;
INSERT INTO `stock` VALUES (13,'Ликёр \"Шоколадный аромат\"',0.7,20,10,18000.00,10,1),(14,'Виски \"Талискер\"',0.7,45,13,50000.00,11,1),(20,'Пиво \"Хмельное настроение\"',0.5,5,1,150.00,9,1),(21,'Ром \"Карибский бриз\"',0.7,37.5,1,800.00,12,1),(24,'Джин \"Bombay Sapphire\"',0.7,47,1,1600.00,15,1),(26,'Вино \"Красное сухое\"',0.75,13,23,25500.00,8,1),(32,'Ликёр \"Шоколадный аромат\"',0.7,20,18,20700.00,10,1),(33,'Ром \"Карибский бриз\"',0.7,37.5,2,1600.00,12,1),(36,'Ром \"Карибский бриз\"',0.7,37.5,12,9600.00,12,1),(38,'Ром \"Карибский бриз\"',0.7,37.5,5,4000.00,12,1),(42,'Шампанское \"Кристалл\"',0.75,12,3,10500.00,13,1),(43,'Текила \"Эсполон\"',0.7,38,3,7000.00,14,1),(44,'Вино \"Красное сухое\"',0.75,13,34,25500.00,8,1),(45,'Ром \"Карибский бриз\"',0.7,37.5,1,800.00,12,1),(46,'Ликёр \"Шоколадный аромат\"',0.7,20,7,10800.00,10,1),(48,'Виски \"Талискер\"',0.7,45,1,2500.00,11,1),(49,'Джин \"Bombay Sapphire\"',0.7,47,2,3200.00,15,1),(52,'Пиво \"Хмельное настроение\"',0.5,5,1,150.00,9,1),(54,'Водка \"Белый медведь\"',0.5,40,3,1350.00,6,1),(55,'Коньяк \"Золотая выдержка\"',0.7,40,2,4800.00,7,1),(56,'Водка \"Белый медведь\"',0.5,40,1,450.00,6,1),(57,'Джин \"Bombay Sapphire\"',0.7,47,2,3200.00,15,1),(58,'Джин \"Bombay Sapphire\"',0.7,47,10,16000.00,15,34),(59,'Текила \"Эсполон\"',0.7,38,10,14000.00,14,34),(60,'Водка \"Белый медведь\"',0.5,40,10,4500.00,6,34);
/*!40000 ALTER TABLE `stock` ENABLE KEYS */;
UNLOCK TABLES;

--
-- Table structure for table `transactions`
--

DROP TABLE IF EXISTS `transactions`;
/*!40101 SET @saved_cs_client     = @@character_set_client */;
/*!50503 SET character_set_client = utf8mb4 */;
CREATE TABLE `transactions` (
  `id` int NOT NULL AUTO_INCREMENT,
  `transaction_type` varchar(50) DEFAULT NULL,
  `product_id` int DEFAULT NULL,
  `quantity` int DEFAULT NULL,
  `total_price` decimal(10,2) DEFAULT NULL,
  `status` varchar(50) DEFAULT NULL,
  `purchase_id` int DEFAULT NULL,
  `sale_date` timestamp NULL DEFAULT CURRENT_TIMESTAMP,
  PRIMARY KEY (`id`),
  KEY `product_id` (`product_id`),
  KEY `purchase_id` (`purchase_id`),
  CONSTRAINT `transactions_ibfk_1` FOREIGN KEY (`product_id`) REFERENCES `products` (`id`),
  CONSTRAINT `transactions_ibfk_2` FOREIGN KEY (`purchase_id`) REFERENCES `purchases` (`id`)
) ENGINE=InnoDB AUTO_INCREMENT=88 DEFAULT CHARSET=utf8mb4 COLLATE=utf8mb4_0900_ai_ci;
/*!40101 SET character_set_client = @saved_cs_client */;

--
-- Dumping data for table `transactions`
--

LOCK TABLES `transactions` WRITE;
/*!40000 ALTER TABLE `transactions` DISABLE KEYS */;
INSERT INTO `transactions` VALUES (1,'purchase',2,2,2400.00,'received',1,'2025-03-28 14:07:06'),(2,'purchase',5,1,900.00,'received',1,'2025-03-28 14:07:06'),(3,'purchase',5,1,900.00,'pending',2,'2025-03-28 14:07:06'),(4,'purchase',1,12,5400.00,'pending',2,'2025-03-28 14:07:06'),(5,'purchase',4,100,15000.00,'pending',3,'2025-03-28 14:07:06'),(6,'purchase',15,1,1600.00,'received',4,'2025-03-28 14:07:06'),(7,'purchase',6,12,5400.00,'received',4,'2025-03-28 14:07:06'),(8,'purchase',9,3,450.00,'received',4,'2025-03-28 14:07:06'),(9,'purchase',6,100,45000.00,'received',5,'2025-03-28 14:07:06'),(10,'purchase',6,100,45000.00,'pending',6,'2025-03-28 14:07:06'),(11,'purchase',14,1,1400.00,'received',7,'2025-03-28 14:07:06'),(12,'purchase',12,20,16000.00,'pending',8,'2025-03-28 14:07:06'),(13,'purchase',8,34,25500.00,'received',9,'2025-03-28 14:07:06'),(14,'purchase',14,1,1400.00,'received',10,'2025-03-28 14:07:06'),(15,'purchase',14,10,14000.00,'received',11,'2025-03-28 14:07:06'),(16,'purchase',8,10,7500.00,'received',11,'2025-03-28 14:07:06'),(17,'purchase',14,20,28000.00,'received',12,'2025-03-28 14:07:06'),(18,'purchase',6,1,450.00,'received',13,'2025-03-28 14:07:06'),(19,'purchase',6,12,5400.00,'received',13,'2025-03-28 14:07:06'),(20,'purchase',10,1,900.00,'received',14,'2025-03-28 14:07:06'),(21,'purchase',11,2,5000.00,'received',14,'2025-03-28 14:07:06'),(22,'purchase',10,20,18000.00,'received',15,'2025-03-28 14:07:06'),(23,'purchase',11,20,50000.00,'received',15,'2025-03-28 14:07:06'),(26,'sale',6,50,22500.00,'completed',NULL,'2025-03-28 14:21:45'),(27,'purchase',7,1,1200.00,'received',16,'2025-03-30 19:00:27'),(28,'purchase',8,1,750.00,'received',16,'2025-03-30 19:00:27'),(29,'purchase',9,1,150.00,'received',16,'2025-03-30 19:00:27'),(30,'purchase',12,1,800.00,'received',16,'2025-03-30 19:00:27'),(31,'purchase',13,1,3500.00,'received',16,'2025-03-30 19:00:27'),(32,'purchase',13,1,3500.00,'received',16,'2025-03-30 19:00:27'),(33,'purchase',15,1,1600.00,'received',16,'2025-03-30 19:00:27'),(34,'purchase',6,1,450.00,'received',16,'2025-03-30 19:00:27'),(35,'purchase',14,1,1400.00,'received',17,'2025-04-24 12:30:53'),(36,'purchase',8,1,750.00,'received',17,'2025-04-24 12:30:53'),(37,'sale',13,1,3500.00,'completed',NULL,'2025-04-24 12:32:51'),(38,'purchase',12,5,4000.00,'received',18,'2025-05-01 18:22:21'),(39,'purchase',14,5,7000.00,'received',18,'2025-05-01 18:22:21'),(40,'purchase',15,1,1600.00,'received',18,'2025-05-01 18:22:21'),(41,'purchase',7,1,1200.00,'received',19,'2025-05-01 18:22:33'),(42,'purchase',6,1,450.00,'received',20,'2025-05-01 18:22:40'),(43,'purchase',6,1,450.00,'received',21,'2025-05-01 18:22:46'),(44,'sale',11,2,5000.00,'completed',NULL,'2025-05-01 18:23:11'),(45,'purchase',6,1,450.00,'received',22,'2025-05-02 10:30:00'),(46,'purchase',10,1,900.00,'received',23,'2025-05-02 13:41:45'),(47,'purchase',12,12,9600.00,'received',23,'2025-05-02 13:41:45'),(48,'sale',8,2,1600.00,'completed',NULL,'2025-05-02 13:42:25'),(49,'purchase',10,23,20700.00,'received',24,'2025-05-09 12:18:37'),(50,'purchase',12,2,1600.00,'received',24,'2025-05-09 12:18:37'),(51,'purchase',6,22,9900.00,'received',24,'2025-05-09 12:18:37'),(52,'sale',10,5,5500.00,'completed',NULL,'2025-05-09 12:19:33'),(53,'sale',8,7,5250.00,'completed',NULL,'2025-05-09 13:07:54'),(54,'sale',14,8,11200.00,'completed',NULL,'2025-05-09 13:26:39'),(55,'sale',14,12,16800.00,'completed',NULL,'2025-05-09 13:27:17'),(56,'purchase',13,1,3500.00,'received',25,'2025-05-09 17:15:30'),(57,'sale',14,4,5600.00,'completed',NULL,'2025-05-09 17:15:39'),(58,'purchase',13,3,10500.00,'received',26,'2025-05-14 18:46:49'),(59,'purchase',14,5,7000.00,'received',26,'2025-05-14 18:46:49'),(60,'sale',14,1,1400.00,'completed',NULL,'2025-05-14 18:47:03'),(61,'purchase',12,1,800.00,'received',27,'2025-05-14 21:49:32'),(62,'purchase',10,12,10800.00,'received',27,'2025-05-14 21:49:32'),(63,'purchase',6,1,450.00,'received',28,'2025-05-14 23:14:39'),(64,'purchase',11,1,2500.00,'received',28,'2025-05-14 23:14:39'),(65,'purchase',15,2,3200.00,'received',28,'2025-05-14 23:14:39'),(66,'purchase',6,100,45000.00,'received',29,'2025-05-15 08:59:28'),(67,'sale',6,5,2250.00,'completed',NULL,'2025-05-15 14:40:16'),(68,'sale',6,80,36000.00,'completed',NULL,'2025-05-15 15:10:12'),(69,'sale',6,10,4500.00,'completed',NULL,'2025-05-15 16:10:13'),(70,'sale',6,2,900.00,'completed',NULL,'2025-05-16 14:41:22'),(71,'purchase',7,5,6000.00,'received',30,'2025-05-16 14:41:47'),(72,'sale',7,1,1200.00,'completed',NULL,'2025-05-16 15:02:32'),(73,'sale',7,1,1200.00,'completed',NULL,'2025-05-16 15:12:36'),(74,'sale',7,1,1200.00,'completed',NULL,'2025-05-16 15:16:30'),(75,'purchase',14,2,2800.00,'received',31,'2025-05-17 15:28:43'),(76,'purchase',9,1,150.00,'received',31,'2025-05-17 15:28:43'),(77,'sale',10,5,4500.00,'completed',NULL,'2025-05-17 15:34:24'),(78,'purchase',6,3,1350.00,'received',32,'2025-05-19 17:38:29'),(79,'purchase',7,4,4800.00,'received',32,'2025-05-19 17:38:29'),(80,'sale',14,2,2800.00,'completed',NULL,'2025-05-19 17:38:39'),(81,'sale',7,1,1200.00,'completed',NULL,'2025-05-19 17:40:22'),(82,'sale',6,2,900.00,'completed',NULL,'2025-05-19 17:43:22'),(83,'purchase',6,1,450.00,'received',33,'2025-05-19 18:33:03'),(84,'purchase',15,2,3200.00,'received',33,'2025-05-19 18:33:03'),(85,'purchase',15,10,16000.00,'received',34,'2025-05-19 18:58:32'),(86,'purchase',14,10,14000.00,'received',34,'2025-05-19 18:58:32'),(87,'purchase',6,10,4500.00,'received',34,'2025-05-19 18:58:32');
/*!40000 ALTER TABLE `transactions` ENABLE KEYS */;
UNLOCK TABLES;

--
-- Table structure for table `users`
--

DROP TABLE IF EXISTS `users`;
/*!40101 SET @saved_cs_client     = @@character_set_client */;
/*!50503 SET character_set_client = utf8mb4 */;
CREATE TABLE `users` (
  `id` int NOT NULL AUTO_INCREMENT,
  `username` varchar(50) NOT NULL,
  `password` varchar(255) NOT NULL,
  `role` enum('Администратор','Кладовщик','Бухгалтер') NOT NULL,
  PRIMARY KEY (`id`),
  UNIQUE KEY `username` (`username`)
) ENGINE=InnoDB AUTO_INCREMENT=27 DEFAULT CHARSET=utf8mb4 COLLATE=utf8mb4_0900_ai_ci;
/*!40101 SET character_set_client = @saved_cs_client */;

--
-- Dumping data for table `users`
--

LOCK TABLES `users` WRITE;
/*!40000 ALTER TABLE `users` DISABLE KEYS */;
INSERT INTO `users` VALUES (4,'admin','admin123','Администратор'),(21,'Иванов','1','Кладовщик'),(22,'Петров','2','Бухгалтер'),(23,'Сидоров','2','Бухгалтер'),(25,'sa','sa','Кладовщик'),(26,'as','as','Бухгалтер');
/*!40000 ALTER TABLE `users` ENABLE KEYS */;
UNLOCK TABLES;

--
-- Table structure for table `write_offs`
--

DROP TABLE IF EXISTS `write_offs`;
/*!40101 SET @saved_cs_client     = @@character_set_client */;
/*!50503 SET character_set_client = utf8mb4 */;
CREATE TABLE `write_offs` (
  `id` int NOT NULL AUTO_INCREMENT,
  `stock_id` int NOT NULL,
  `quantity` int NOT NULL,
  `reason` text NOT NULL,
  `write_off_date` timestamp NULL DEFAULT CURRENT_TIMESTAMP,
  PRIMARY KEY (`id`),
  KEY `stock_id` (`stock_id`),
  CONSTRAINT `write_offs_ibfk_1` FOREIGN KEY (`stock_id`) REFERENCES `stock` (`id`) ON DELETE CASCADE
) ENGINE=InnoDB AUTO_INCREMENT=10 DEFAULT CHARSET=utf8mb4 COLLATE=utf8mb4_0900_ai_ci;
/*!40101 SET character_set_client = @saved_cs_client */;

--
-- Dumping data for table `write_offs`
--

LOCK TABLES `write_offs` WRITE;
/*!40000 ALTER TABLE `write_offs` DISABLE KEYS */;
INSERT INTO `write_offs` VALUES (1,14,1,'Повреждение упаковки','2025-03-28 15:40:46'),(2,13,1,'Просроченный срок годности','2025-03-28 15:45:45'),(4,14,3,'Несоответствие маркировки','2025-03-28 15:53:15'),(5,26,2,'Просроченный срок годности','2025-03-30 21:40:22');
/*!40000 ALTER TABLE `write_offs` ENABLE KEYS */;
UNLOCK TABLES;
/*!40103 SET TIME_ZONE=@OLD_TIME_ZONE */;

/*!40101 SET SQL_MODE=@OLD_SQL_MODE */;
/*!40014 SET FOREIGN_KEY_CHECKS=@OLD_FOREIGN_KEY_CHECKS */;
/*!40014 SET UNIQUE_CHECKS=@OLD_UNIQUE_CHECKS */;
/*!40101 SET CHARACTER_SET_CLIENT=@OLD_CHARACTER_SET_CLIENT */;
/*!40101 SET CHARACTER_SET_RESULTS=@OLD_CHARACTER_SET_RESULTS */;
/*!40101 SET COLLATION_CONNECTION=@OLD_COLLATION_CONNECTION */;
/*!40111 SET SQL_NOTES=@OLD_SQL_NOTES */;

-- Dump completed on 2025-05-19 22:50:32
